{
  "tmin": 0.58,
  "omega": 0.65,
  "gain": 0.78,
  "gamma": 0.62,
  "amax": 240,
  "w": 17,
  "p": 1.8221511311511357e-05,
  "r": 70,
  "eps": 0.048738148311919874,
  "guided": true
}
